{
    "HHO":["Ban Lãnh đạo","Ban Giám đốc Điều hành","VP. Chủ tịch Hội đồng quản trị","Ban Công nghệ Thông tin","Văn phòng Ban GĐĐH","Ủy ban Quản lý Rủi ro","Ban Tài chính","Ban Đầu tư","Ban Nghiên cứu và Phát triển","Ban Nhân sự"],
    "WCD":["Ban Điều hành","Phòng Kỹ thuật Nghiệp vụ","Phòng Tài chính - Kế toán","Phòng Hành chính Nhân sự"],
    "OSV":["Ban Điều hành","Phòng Kinh doanh","Phòng Hành chính Nhân sự","Phòng Tài chính - Kế toán"],
    "DFC":["Ban điều hành","TCKT, NS, Hậu cần, Y tế","Câu lạc bộ"],
    "VHU":["Ban Điều hành","Ban Thanh tra","Khoa Du lịch","Khoa Xã hội - Truyền thông","Khoa Kinh tế - Quản trị","Khoa Kế toán - Tài chính","Khoa Công nghệ thông tin","Khoa Kỹ thuật - Công nghệ","Khoa Nghệ thuật","Khoa Ngoại ngữ","Khoa Đông Phương học","Khoa Y - Dược","Phòng Hành chính Nhân sự","Trung tâm Công nghệ thông tin","Phòng Quản trị Cơ sở vật chất","Phòng Quản lý đào tạo","Phòng Quản lý khoa học & Hợp tác quốc tế","Phòng Tài chính Kế toán","Trung tâm Chăm sóc người học và Tuyển sinh","Trung tâm Văn - Thể - Mỹ và Phục vụ cộng đồng","Trung tâm Học liệu","Trung tâm Hợp tác doanh nghiệp","Phòng Khảo thí & Đảm bảo Chất lượng","Tạp chí Khoa học","Viện Công nghệ sinh học","Viện Sau Đại học và Đào tạo quốc tế "],
    "HHF":["Ban Điều hành Khối","Phát triển Kinh doanh","Kế hoạch - Mua hàng","Tài chính Kế toán","Hành chính nhân sự"],
    "HFV":["Bộ phận Văn phòng","Bộ phận Sản xuất","Bộ phận Kho vận","Bộ phận Chất lượng","Bộ phận Kỹ Thuật"],
    "HFN":["Ban Giám đốc nhà máy","Bộ phận Văn phòng","Bộ phận Sản xuất","Bộ phận Kỹ Thuật","Bộ phận Chất lượng","Bộ phận Kho vận"],
    "HHE":["Ban Điều hành","Phòng Hành chính - Nhân sự","Phòng Tài chính Kế toán","Phòng Phát triển người học","Phòng Phát triển Đại học","Viện Đào tạo trực tuyến","Phòng QLCL&Phát triển CTĐT","Trung tâm Tuyển sinh trực tuyến","Viện Nhân lực Quốc tế"],
    "HEB":["Ban Điều hành","Phòng Tuyển sinh","Phòng Kế toán","Phòng Hành chính Nhân sự","Phòng Quản lý Đào tạo","Khoa Kinh tế Du lịch"],
    "HET":["Ban Điều hành","Phòng Tài chính - Kế toán","Phòng Tuyển sinh","Phòng Hành chính Nhân sự","Phòng Quản lý Đào tạo","Khoa Y Dược","Khoa Kinh tế Du lịch","Khoa Kinh tế - Quản trị"],
    "HEH":["Ban Điều hành","Phòng Quản lý đào tạo","Phòng Kế toán","Phòng Hành chính Nhân sự","Khoa Y Dược","Phòng Tuyển sinh"],
    "HES":["Ban Điều hành","Ohao"],
    "HEA":["Phòng Hành chính - Nhân sự","Phòng Tài chính Kế toán","Phòng Phát triển người học","Phòng Phát triển Đại học","Viện Đào tạo trực tuyến","Phòng QLCL&Phát triển CTĐT","Trung tâm Tuyển sinh trực tuyến","Viện Nhân lực Quốc tế","Ban Điều hành","Phòng Tuyển sinh","Phòng Kế toán","Phòng Hành chính Nhân sự","Phòng Quản lý Đào tạo","Khoa Kinh tế Du lịch","Phòng Tài chính - Kế toán","Khoa Y Dược","Khoa Kinh tế - Quản trị","Ohao","phòng Quản lý Đào tạo-Công tác sinh viên&Hướng nghiệp","Phòng Tuyển sinh Truyền thông","Ban Giám hiệu","Kinh tế - Du lịch - Ngoại ngữ","Trường Mầm non Âu Lạc","Phòng khám Đa khoa Âu Lạc","Trưởng tiểu học VES"]
  }